Bank_Name,Year,Bank_Type,Deposits_Cr,Advances_Cr,Total_Assets_Cr,Net_Profit_Cr,Gross_NPA_Cr,Net_NPA_Cr,Net_NPA_Pct,Return_on_Assets_Pct,Capital_Adequacy_Ratio_Pct,Credit_Deposit_Ratio,Business_Per_Employee_Cr,Profit_Per_Employee_Lakh,ATMs_Total,ATMs_OnSite,ATMs_OffSite,PoS_Terminals,Micro_ATMs,UPI_QR_Codes,Bharat_QR_Codes,Credit_Cards_Outstanding,Debit_Cards_Outstanding
Au Small Finance Bank Ltd.,2022,Small Finance Bank,52585.0,46095.0,69077.8,1131.0,924.38,271.85,0.5,1.87,20.99,87.66,2.96,4.58,707.0,701.0,6.0,0.0,856.0,358515.0,0.0,970270.0,8944239.0
Au Small Finance Bank Ltd.,2023,Small Finance Bank,69365.0,58422.0,90216.11,1427.0,981.31,245.1588,0.42,1.79,23.59,84.22,3.68,5.0,707.0,701.0,6.0,0.0,856.0,358515.0,0.0,970270.0,8944239.0
Au Small Finance Bank Ltd.,2024,Small Finance Bank,87182.0,73163.0,109425.6699,1535.0,1237.4004,400.9897,0.55,1.54,20.06,83.92,4.65,5.33,707.0,701.0,6.0,0.0,856.0,358515.0,0.0,970270.0,8944239.0
Axis Bank Ltd.,2022,Private sector,821971.55,707946.59,1175428.75,13025.48,22681.0,6584.0,0.73,1.21,18.54,86.1278702407644,17.92,15.54,13337.0,6539.0,6797.0,2397148.0,184.0,111496807.0,609331.0,15345023.0,41193811.0
Axis Bank Ltd.,2023,Private sector,946945.21,845302.84,1317325.53,9579.68,18604.23,3558.92,0.39,0.8,17.64,89.2662881731035,20.0,10.94,13337.0,6539.0,6797.0,2397148.0,184.0,111496807.0,609331.0,15345023.0,41193811.0
Axis Bank Ltd.,2024,Private sector,1068641.39,965068.38,1477208.6,24861.43,15127.12,3247.47,0.31,1.83,16.63,90.3079731920172,20.19,25.29,13337.0,6539.0,6797.0,2397148.0,184.0,111496807.0,609331.0,15345023.0,41193811.0
Bandhan Bank,2022,Private sector,96331.0,93975.0,138995.0,125.79,6380.0,1564.0,1.66427241287576,0.11,20.1,97.5542660202842,3.25,0.23,430.0,425.0,5.0,70645.0,0.0,0.0,37064.0,1625.0,6479562.0
Bandhan Bank,2023,Private sector,108064.69,104756.769,156037.092,2194.638,5298.62,1228.27,1.17249702498938,1.56,19.76,96.9389437012219,3.02,3.36,430.0,425.0,5.0,70645.0,0.0,0.0,37064.0,1625.0,6479562.0
Bandhan Bank,2024,Private sector,135201.98,121136.783,177841.659,2229.562,4784.88,1347.61,1.11246969469216,1.44,18.28,89.5969001341548,3.19,3.0,430.0,425.0,5.0,70645.0,0.0,0.0,37064.0,1625.0,6479562.0
Bank of Baroda,2022,Public sector bank,1045938.56,777155.18,1277999.83,22388.85,54059.39,13364.65,1.71968872420049,0.6,15.68,74.302182720943,22.05,9.11,11356.0,8900.0,2456.0,54339.0,42916.0,2837472.0,25239.0,3042259.0,88366562.0
Bank of Baroda,2023,Public sector bank,1203687.79,940998.27,1458561.54,26863.54,36763.68,8384.32,0.891002700780736,1.03,16.24,78.1762744307642,26.66,18.06,11356.0,8900.0,2456.0,54339.0,42916.0,2837472.0,25239.0,3042259.0,88366562.0
Bank of Baroda,2024,Public sector bank,1326957.84,1065781.72,1585797.09,30965.22,31833.63,7213.34,0.676812133726595,1.17,16.31,80.3176776136309,30.46,23.56,11356.0,8900.0,2456.0,54339.0,42916.0,2837472.0,25239.0,3042259.0,88366562.0
Bank of India,2022,Public sector bank,627895.96,420841.79,734614.01,9988.45,45605.4,9851.93,2.34100563064329,0.43,16.51,67.024127691473,20.71,6.5,7809.0,5260.0,2549.0,18700.0,24369.0,1335499.0,0.0,85943.0,37488282.0
Bank of India,2023,Public sector bank,669586.0,485899.64,815556.0,13392.62,37685.56,8053.61,1.65746366883499,0.49,16.28,72.5671743435496,22.47,7.6,7809.0,5260.0,2549.0,18700.0,24369.0,1335499.0,0.0,85943.0,37488282.0
Bank of India,2024,Public sector bank,737920.21,563144.67,912597.92,14068.61,29182.77,6845.25,1.21554022698998,0.7,16.96,76.3151167793602,25.87,12.35,7809.0,5260.0,2549.0,18700.0,24369.0,1335499.0,0.0,85943.0,37488282.0
Bank of Maharashtra,2022,Public sector bank,202294.29,131170.44,230611.37,4847.87,5327.21,1276.57,0.973214696847857,0.55,16.48,64.8413951772934,26.53,9.05,2539.0,2290.0,249.0,187.0,6067.0,951394.0,355014.0,11322.0,13590171.0
Bank of Maharashtra,2023,Public sector bank,234082.68,171220.67,267651.39,6099.21,4334.0,435.18,0.254163238585622,1.1,18.14,73.1453817941592,31.45,20.05,2539.0,2290.0,249.0,187.0,6067.0,951394.0,355014.0,11322.0,13590171.0
Bank of Maharashtra,2024,Public sector bank,270747.17,200239.88,307137.86,8005.34,3833.05,408.99,0.204250022522986,1.5,17.38,73.9582541158233,35.0,30.04,2539.0,2290.0,249.0,187.0,6067.0,951394.0,355014.0,11322.0,13590171.0
Canara Bank,2022,Public sector bank,1086409.25,703601.82,1228104.88,23088.98,55651.58,18668.02,2.65320803178138,0.48,14.9,64.7639754540013,19.91,6.53,11047.0,7543.0,3504.0,84073.0,10646.0,3684579.0,0.0,1050267.0,60801012.0
Canara Bank,2023,Public sector bank,1179218.61,830672.55,1345732.25,27716.01,46159.51,14349.33,1.72743519693771,0.81,16.68,70.4426255620237,22.45,12.0,11047.0,7543.0,3504.0,84073.0,10646.0,3684579.0,0.0,1050267.0,60801012.0
Canara Bank,2024,Public sector bank,1312366.61,931612.83,1491540.72,29412.59,40604.57,11822.83,1.26907118700802,1.01,16.28,70.9872396098221,25.97,18.0,11047.0,7543.0,3504.0,84073.0,10646.0,3684579.0,0.0,1050267.0,60801012.0
Capital Small Finance Bank Ltd.,2022,Small Finance Bank,6046.0,4635.0,7153.92,62.0,117.13,63.23,1.36,0.92,18.63,76.65,6.59,3.84,200.0,198.0,2.0,0.0,0.0,0.0,0.0,0.0,235208.0
Capital Small Finance Bank Ltd.,2023,Small Finance Bank,6561.0,5429.0,7990.77,93.0,152.62,74.05,1.36,1.22,18.87,82.75,6.99,5.42,200.0,198.0,2.0,0.0,0.0,0.0,0.0,0.0,235208.0
Capital Small Finance Bank Ltd.,2024,Small Finance Bank,7478.0,6075.0,9295.28,112.0,170.18,85.07,1.4,1.27,27.39,81.24,7.4,6.05,200.0,198.0,2.0,0.0,0.0,0.0,0.0,0.0,235208.0
Central Bank of India,2022,Public sector bank,342691.94,168173.5,386422.51,5197.15,28156.22,6675.17,3.96921631529343,0.3,13.84,49.0742501851663,17.15,3.38,4127.0,2926.0,1202.0,3363.0,2722.0,2043231.0,37571.0,0.0,29269967.0
Central Bank of India,2023,Public sector bank,359296.47,202984.31,406165.49,6883.76,18436.48,3627.22,1.78694599597378,0.44,14.12,56.4949357838111,18.45,5.07,4127.0,2926.0,1202.0,3363.0,2722.0,2043231.0,37571.0,0.0,29269967.0
Central Bank of India,2024,Public sector bank,385011.32,243406.28,446672.69,7362.68,11398.44,3038.41,1.2482874312035,0.63,15.08,63.2205515411859,19.94,8.0,4127.0,2926.0,1202.0,3363.0,2722.0,2043231.0,37571.0,0.0,29269967.0
City Union Bank Ltd.,2022,Private sector,47689.6698,40358.4682,61530.91,760.16,1933.1774,1191.1005,2.95130254720619,1.35,20.85,84.627275402104,16.55,14.0,1729.0,1244.0,485.0,7124.0,63629.0,71392.0,0.0,50950.0,3251047.0
City Union Bank Ltd.,2023,Private sector,52397.85,43053.34,66594.56,937.47,1920.16,1017.63,2.3636493707573,1.46,22.34,82.1662339199032,15.98,15.58,1729.0,1244.0,485.0,7124.0,63629.0,71392.0,0.0,50950.0,3251047.0
City Union Bank Ltd.,2024,Private sector,55656.64,45525.719,70825.868,1015.73,1854.43,898.677,1.97399847765172,1.52,23.84,81.7974620817929,14.21,14.13,1729.0,1244.0,485.0,7124.0,63629.0,71392.0,0.0,50950.0,3251047.0
DCB Bank Ltd.,2022,Private sector,34691.69,29095.78,44792.56,287.5,1289.93,573.23,1.97014824830267,0.7,18.92,83.8695952834814,8.61,4.0,440.0,435.0,5.0,0.0,0.0,0.0,0.0,2553.0,1113887.0
DCB Bank Ltd.,2023,Private sector,41238.91,34378.04,52365.87,465.56,1122.84,356.92,1.03822091079073,0.97,17.55,83.3631150774839,7.8,5.08,440.0,435.0,5.0,0.0,0.0,0.0,0.0,2553.0,1113887.0
DCB Bank Ltd.,2024,Private sector,49353.03,40924.56,63036.97,535.97,1353.47,454.33,1.11016465418321,0.93,16.59,82.9220819876713,8.37,5.25,440.0,435.0,5.0,0.0,0.0,0.0,0.0,2553.0,1113887.0
Dhanlaxmi Bank Ltd,2022,Private sector,12403.0,8141.98,13795.76,35.9,533.54,232.16,2.85139486955262,0.27,12.98,65.6452471176328,12.09,2.08,,,,,,,,,
Dhanlaxmi Bank Ltd,2023,Private sector,13351.65,9451.52,15132.13,49.36,511.14,109.2,1.15536971830986,0.34,12.32,70.789153400516,13.13,2.79,,,,,,,,,
Dhanlaxmi Bank Ltd,2024,Private sector,14290.31,10102.16,15961.89,57.82,421.21,126.47,1.25,0.38,12.71,70.6923782619132,14.64,3.43,,,,,,,,,
ESAF Small Finance Bank Ltd.,2022,Small Finance Bank,12815.0,11637.0,17707.56,55.0,949.59,455.96,3.92,0.39,18.64,90.81,5.44,1.0,716.0,714.0,2.0,0.0,4778.0,0.0,0.0,3954.0,5711362.0
ESAF Small Finance Bank Ltd.,2023,Small Finance Bank,14666.0,13924.0,20223.66,303.0,351.69,157.89,1.13,1.63,19.83,94.95,5.44,6.0,716.0,714.0,2.0,0.0,4778.0,0.0,0.0,3954.0,5711362.0
ESAF Small Finance Bank Ltd.,2024,Small Finance Bank,19868.0,18293.0,26086.88,425.0,893.04,413.79,2.26,1.86,23.27,92.07,6.16,7.13,716.0,714.0,2.0,0.0,4778.0,0.0,0.0,3954.0,5711362.0
Equitas Small Finance Bank Ltd.,2022,Small Finance Bank,18951.0,19374.0,26947.62,281.0,837.18,479.47,2.47,1.07,25.16,102.23,2.11,1.63,383.0,379.0,4.0,2678.0,342.0,12291.0,48618.0,3983.0,1259902.0
Equitas Small Finance Bank Ltd.,2023,Small Finance Bank,25348.0,25799.0,34958.1256,575.0,723.96,312.01,1.21,1.82,23.8,101.78,2.45,3.0,383.0,379.0,4.0,2678.0,342.0,12291.0,48618.0,3983.0,1259902.0
Equitas Small Finance Bank Ltd.,2024,Small Finance Bank,36129.0,30964.0,45303.8699,799.0,821.2772,360.8988,1.17,1.96,21.7,85.7,2.81,3.7,383.0,379.0,4.0,2678.0,342.0,12291.0,48618.0,3983.0,1259902.0
Fincare Small Finance Bank Ltd. !,2022,Small Finance Bank,6456.0,7037.0,10901.57,9.0,573.23,249.83,3.55,0.1,22.32,109.01,1.04,0.09,,,,,,,,,
Fincare Small Finance Bank Ltd. !,2023,Small Finance Bank,8033.0,8702.0,12467.69,104.0,288.47,113.02,1.3,0.95,20.04,108.33,0.97,0.82,,,,,,,,,
Fincare Small Finance Bank Ltd. !,2024,Small Finance Bank,10522.0,12358.0,17267.43,396.0,199.54,78.42,0.63,2.69,24.53,117.45,1.17,2.76,,,,,,,,,
HDFC Bank Ltd.,2022,Private sector,1559217.0,1368821.0,2068535.0,36961.0,16141.0,4408.0,0.32,2.03,18.9,87.7889992220454,20.25,28.48,21288.0,12896.0,8392.0,1772953.0,2017.0,991356.0,2261311.0,25085743.0,61290299.0
HDFC Bank Ltd.,2023,Private sector,1883394.65,1600585.9,2466081.48,44108.71,18019.03,4368.43,0.27292693256888,2.07,19.26,84.9840950753471,19.74,27.73,21288.0,12896.0,8392.0,1772953.0,2017.0,991356.0,2261311.0,25085743.0,61290299.0
HDFC Bank Ltd.,2024,Private sector,2379786.28,2484861.52,3617623.06,60812.27,31173.32,8091.74,0.325641486854366,1.98,18.8,104.415322538963,21.49,31.2,21288.0,12896.0,8392.0,1772953.0,2017.0,991356.0,2261311.0,25085743.0,61290299.0
ICICI Bank Ltd.,2022,Private sector,1064572.0,859020.44,1411298.0,23341.0,33919.52,6960.89,0.76,1.84,19.16,80.6916244274694,16.69,23.0,12660.0,9459.0,3202.0,2205070.0,6277.0,3832710.0,595113.0,18363255.0,31745805.0
ICICI Bank Ltd.,2023,Private sector,1180840.69,1019638.31,1584206.65,31896.5,31183.7,5155.07,0.48,2.16,18.34,86.3485073503014,17.07,27.52,12660.0,9459.0,3202.0,2205070.0,6277.0,3832710.0,595113.0,18363255.0,31745805.0
ICICI Bank Ltd.,2024,Private sector,1412824.95,1184406.39,1871514.58,40888.27,27961.68,5377.79,0.42,2.37,16.33,83.8324938981294,16.84,29.42,12660.0,9459.0,3202.0,2205070.0,6277.0,3832710.0,595113.0,18363255.0,31745805.0
IDBI Ltd.,2022,Private sector,233134.42,136955.0,301603.0,2440.0,34114.83,1864.0,1.36103099558249,0.84,19.06,58.7450793409227,20.2,0.14,3026.0,2373.0,654.0,13758.0,1620.0,429938.0,0.0,45005.0,11920325.0
IDBI Ltd.,2023,Private sector,255490.05,162567.72,330502.1721,3645.09,10969.0,1495.0,0.919616760326097,1.2,20.44,63.6297656210095,22.31,20.42,3026.0,2373.0,654.0,13758.0,1620.0,429938.0,0.0,45005.0,11920325.0
IDBI Ltd.,2024,Private sector,277657.22,188620.61,363190.46,5634.09,8917.0,644.0,0.34,1.44,22.26,67.9329030233754,23.5,29.63,3026.0,2373.0,654.0,13758.0,1620.0,429938.0,0.0,45005.0,11920325.0
IDFC First Bank Ltd.,2022,Private sector,105634.0,117858.0,190182.0,145.49,4469.0,1808.0,1.53,0.08,16.74,111.572031732207,7.96,1.0,996.0,755.0,241.0,39276.0,7252.0,196160.0,0.0,4008893.0,6763077.0
IDFC First Bank Ltd.,2023,Private sector,144637.31,151794.53,239941.66,2437.13,3884.45,1304.05,0.859088927644494,1.13,16.82,104.948391255341,8.11,7.75,996.0,755.0,241.0,39276.0,7252.0,196160.0,0.0,4008893.0,6763077.0
IDFC First Bank Ltd.,2024,Private sector,200576.31,194592.37,296115.1,2956.51,3718.36,1160.46,0.596354317489427,1.1,16.11,97.0166267392196,8.67,7.56,996.0,755.0,241.0,39276.0,7252.0,196160.0,0.0,4008893.0,6763077.0
Indian Bank,2022,Public sector bank,593617.8137,389186.0632,671668.0551,12716.9,35214.25,8848.65,2.27362972025356,0.63,16.53,65.5617224109594,25.2,9.91,5524.0,4887.0,637.0,21495.0,15546.0,2694225.0,0.0,274724.0,34356767.0
Indian Bank,2023,Public sector bank,621165.76,449296.73,710500.73,15270.62,28179.53,4043.07,0.899866331099272,0.77,16.49,72.3312131692513,26.61,14.2,5524.0,4887.0,637.0,21495.0,15546.0,2694225.0,0.0,274724.0,34356767.0
Indian Bank,2024,Public sector bank,688000.0,514889.0682,792619.1227,16839.55,21106.31,2222.58,0.43166191268537,1.07,16.44,74.8385273546512,29.85,22.33,5524.0,4887.0,637.0,21495.0,15546.0,2694225.0,0.0,274724.0,34356767.0
Indian Overseas Bank,2022,Public sector bank,262158.92,144243.52,299377.16,5762.91,15298.62,3824.62,2.65150212640401,0.59,13.83,55.0214045739889,18.69,8.0,3551.0,2821.0,730.0,0.0,11264.0,505584.0,0.0,96732.0,19909672.0
Indian Overseas Bank,2023,Public sector bank,260883.29,178052.57,313745.82,5942.18,14071.55,3266.01,1.83429534322363,0.68,16.1,68.2498944259711,20.21,9.0,3551.0,2821.0,730.0,0.0,11264.0,505584.0,0.0,96732.0,19909672.0
Indian Overseas Bank,2024,Public sector bank,285905.38,213318.81,352033.62,6763.76,6794.43,1216.86,0.570441959619032,0.81,17.28,74.6116809694172,23.54,12.0,3551.0,2821.0,730.0,0.0,11264.0,505584.0,0.0,96732.0,19909672.0
Indusind Bank Ltd.,2022,Private sector,293681.0,239052.0,401975.0,4611.0,5517.0,1530.0,0.64,1.28,18.42,81.3985242491002,15.69,13.73,3050.0,2048.0,1002.0,161407.0,0.0,7364888.0,12260.0,3168151.0,11435616.0
Indusind Bank Ltd.,2023,Private sector,336438.14,289923.68,457804.05,7389.72,5826.27,1714.96,0.591521189300577,1.81,17.86,86.1744390811339,16.95,20.6,3050.0,2048.0,1002.0,161407.0,0.0,7364888.0,12260.0,3168151.0,11435616.0
Indusind Bank Ltd.,2024,Private sector,384792.92,343298.27,514935.15,8949.78,6693.38,1968.9,0.573524591312388,1.9,17.23,89.2163686379677,16.98,21.355,3050.0,2048.0,1002.0,161407.0,0.0,7364888.0,12260.0,3168151.0,11435616.0
Jana Small Finance Bank Ltd.,2022,Small Finance Bank,13536.0,13007.0,20188.71,6.0,756.9,513.25,3.95,0.03,15.26,96.09,1.44,0.03,61.0,58.0,4.0,0.0,173.0,538160.0,0.0,0.0,4095585.0
Jana Small Finance Bank Ltd.,2023,Small Finance Bank,16334.0,17760.0,25643.6,256.0,709.19,468.0,2.64,1.13,15.57,108.73,1.85,1.56,61.0,58.0,4.0,0.0,173.0,538160.0,0.0,0.0,4095585.0
Jana Small Finance Bank Ltd.,2024,Small Finance Bank,22571.0,23111.0,32709.78,669.0,494.33,130.02,0.56,2.37,20.31,102.39,1.94,3.27,61.0,58.0,4.0,0.0,173.0,538160.0,0.0,0.0,4095585.0
Kotak Mahindra Bank Ltd.,2022,Private sector,311684.11,271253.6,429428.4,8572.69,6469.74,1736.71,0.64,2.13,22.69,87.028369845354,8.71,14.24,2876.0,1991.0,886.0,79869.0,0.0,749050.0,161732.0,4629476.0,35940529.0
Kotak Mahindra Bank Ltd.,2023,Private sector,363096.05,319861.21,489862.48,10939.3,5768.32,1193.3,0.373068056611178,2.47,21.8,88.0927264287232,8.73,15.0,2876.0,1991.0,886.0,79869.0,0.0,749050.0,161732.0,4629476.0,35940529.0
Kotak Mahindra Bank Ltd.,2024,Private sector,448953.75,376075.27,600357.05,13781.58,5274.78,1270.57,0.337849920309836,2.61,20.55,83.7670405915977,9.63,18.0,2876.0,1991.0,886.0,79869.0,0.0,749050.0,161732.0,4629476.0,35940529.0
Nainital Bank Ltd.,2022,Private sector,7486.0,3916.8277,8338.0,30.0,508.0,163.61,4.25,0.34,14.05,52.3220371359872,13.58,3.46,0.0,0.0,0.0,0.0,0.0,0.0,0.0,0.0,316288.0
Nainital Bank Ltd.,2023,Private sector,7681.82,4317.038,8656.6741,46.0,443.26,78.33,1.84,0.54,16.24,56.198114509322,10.99,4.26,0.0,0.0,0.0,0.0,0.0,0.0,0.0,0.0,316288.0
Nainital Bank Ltd.,2024,Private sector,8267.7444,4517.8444,9306.822,47.0966,398.67,41.88,0.926990756919384,0.52,15.22,54.6442195286057,10.79,4.0,0.0,0.0,0.0,0.0,0.0,0.0,0.0,0.0,316288.0
North East Small Finance Bank Ltd.,2022,Small Finance Bank,1529.0,1627.0,2352.0,-123.0,189.92,57.44,3.56,-5.5,17.05,106.44,1.43,-5.4,16.0,15.0,1.0,0.0,0.0,0.0,0.0,0.0,919300.0
North East Small Finance Bank Ltd.,2023,Small Finance Bank,2040.0,1603.0,2710.44,-212.0,347.33,27.16,1.71,-7.68,5.5,78.6,1.98,-9.79,16.0,15.0,1.0,0.0,0.0,0.0,0.0,0.0,919300.0
North East Small Finance Bank Ltd.,2024,Small Finance Bank,1520.0,802.0,1686.55,-153.0,99.2,67.06,8.36,-6.28,11.31,52.81,1.4,-7.36,16.0,15.0,1.0,0.0,0.0,0.0,0.0,0.0,919300.0
Punjab & Sind Bank,2022,Public sector bank,102137.01,63626.56,121067.54,1330.09,8564.82,1742.27,2.73827470792072,0.85,18.54,62.2953031423184,20.31,12.25,,,,,,,,,
Punjab & Sind Bank,2023,Public sector bank,109665.49,76819.43,136454.52,1449.94,5648.21,1411.5,1.83742576585117,0.98,17.1,70.0488640501219,21.45,14.81,,,,,,,,,
Punjab & Sind Bank,2024,Public sector bank,119409.55,82736.38,147656.53,1130.94,4665.35,1350.46,1.63224448543676,0.41,17.16,69.287908714169,23.35,6.8,,,,,,,,,
Punjab National Bank,2022,Public sector bank,1146218.45,728185.67,1314805.02,20761.82,92448.04,34908.73,4.79393256942285,0.26,14.5,63.5293970359664,19.41,3.54,11234.0,7343.0,3891.0,24981.0,0.0,1284050.0,549472.0,657070.0,41281045.0
Punjab National Bank,2023,Public sector bank,1281163.1,830833.98,1461831.36,22528.75,77327.67,22585.04,2.71835776384591,0.18,15.5,64.8499773369995,21.64,2.57,11234.0,7343.0,3891.0,24981.0,0.0,1284050.0,549472.0,657070.0,41281045.0
Punjab National Bank,2024,Public sector bank,1369712.81,934430.59,1561835.01,24930.81,56343.05,6798.77,0.727584271401047,0.54,15.97,68.2209134044676,23.84,8.61,11234.0,7343.0,3891.0,24981.0,0.0,1284050.0,549472.0,657070.0,41281045.0
RBL Bank,2022,Private sector,79006.53,60021.81,106208.58,-74.74,2728.39,806.56,1.34377820328977,-0.07,16.82,75.9706950805206,13.7,-0.81,415.0,379.0,36.0,2849892.0,0.0,52013.0,1629.0,4629398.0,1652643.0
RBL Bank,2023,Private sector,84886.52,70209.35,115876.18,882.73,2419.86,772.54,1.1003377755242,0.83,16.92,82.7096575522238,13.11,8.0,415.0,379.0,36.0,2849892.0,0.0,52013.0,1629.0,4629398.0,1652643.0
RBL Bank,2024,Private sector,103493.6,83986.92,138432.21,1167.92,2270.97,619.3,0.737376724851917,0.96,16.18,81.1518006910572,14.03,9.0,415.0,379.0,36.0,2849892.0,0.0,52013.0,1629.0,4629398.0,1652643.0
Shivalik Small Finance Bank Ltd.,2022,Small Finance Bank,1593.0,1109.0,1890.022,1.0,32.51,14.77,1.31,0.05,21.73,69.6,4.77,0.14,0.0,0.0,0.0,0.0,0.0,0.0,0.0,0.0,39820.0
Shivalik Small Finance Bank Ltd.,2023,Small Finance Bank,1894.0,1407.0,2249.85,2.0,32.73,16.3,1.16,0.07,23.46,74.3,5.01,0.24,0.0,0.0,0.0,0.0,0.0,0.0,0.0,0.0,39820.0
Shivalik Small Finance Bank Ltd.,2024,Small Finance Bank,2410.0,2095.0,3032.31,2.0,42.71,17.63,0.84,0.08,20.19,86.96,5.97,0.34,0.0,0.0,0.0,0.0,0.0,0.0,0.0,0.0,39820.0
State Bank of India (SBI),2022,Public sector bank,4051534.0,2733967.0,4987597.0,31675.0,112023.0,27966.0,1.02290920117178,0.67,13.83,67.4797990094616,25.74,12.93,62786.0,28108.0,34678.0,1668857.0,51840.0,5600556.0,1029222.0,21445653.0,246159828.0
State Bank of India (SBI),2023,Public sector bank,4423777.77,3199269.29,5516978.53,83712.95,90927.78,21466.64,0.670985717491759,0.96,14.68,72.3198464374941,29.78,21.23,62786.0,28108.0,34678.0,1668857.0,51840.0,5600556.0,1029222.0,21445653.0,246159828.0
State Bank of India (SBI),2024,Public sector bank,4916077.0,3703971.0,6179694.0,61076.0,84276.0,21051.0,0.568335983192093,1.04,14.28,75.344039566508,34.1,26.2,62786.0,28108.0,34678.0,1668857.0,51840.0,5600556.0,1029222.0,21445653.0,246159828.0
Suryoday Small Finance Bank Ltd.,2022,Small Finance Bank,3854.0,4751.0,8180.19,-92.0,597.42,283.37,5.97,-1.29,37.86,123.28,1.67,-1.81,0.0,0.0,0.0,0.0,60.0,0.0,0.0,9575.0,901130.0
Suryoday Small Finance Bank Ltd.,2023,Small Finance Bank,5167.0,6015.0,9861.22,77.0,191.4,92.97,1.55,0.87,33.72,116.42,1.98,1.37,0.0,0.0,0.0,0.0,60.0,0.0,0.0,9575.0,901130.0
Suryoday Small Finance Bank Ltd.,2024,Small Finance Bank,7777.0,8078.0,12377.69,216.0,242.37,69.87,0.86,1.94,28.41,103.87,2.28,3.11,0.0,0.0,0.0,0.0,60.0,0.0,0.0,9575.0,901130.0
Tamilnad Mercantile Bank Ltd.,2022,Private sector,44933.11,33491.54,52858.48,821.9,570.91,317.58,0.95,1.66,22.06,74.536438719688,17.75,18.6,1190.0,534.0,656.0,1912.0,0.0,192916.0,0.0,23460.0,2535191.0
Tamilnad Mercantile Bank Ltd.,2023,Private sector,47766.0,37290.0,57895.0,1029.0,521.0,230.0,0.616787342451059,1.97,26.26,78.0680818992589,19.1,23.04,1190.0,534.0,656.0,1912.0,0.0,192916.0,0.0,23460.0,2535191.0
Tamilnad Mercantile Bank Ltd.,2024,Private sector,49515.07,39733.75,61552.46,1072.03,575.06,335.82,0.845175700758171,1.84,29.37,80.2457716408358,19.44,23.29,1190.0,534.0,656.0,1912.0,0.0,192916.0,0.0,23460.0,2535191.0
The Catholic Syrian Bank Ltd.,2022,Private sector,20188.3,15814.68,25356.27,458.49,289.51,106.99,0.676523331486948,1.9,25.9,78.3358678046195,7.71,9.85,,,,,,,,,
The Catholic Syrian Bank Ltd.,2023,Private sector,24505.81,20650.65,29162.28,547.36,262.56,71.82,0.347785662921022,2.06,27.1,84.268383701661,6.47,8.01,,,,,,,,,
The Catholic Syrian Bank Ltd.,2024,Private sector,29718.8,24335.58,36055.99,566.82,361.07,124.9,0.513240284390181,1.79,24.47,81.8861461431821,6.56,7.21,,,,,,,,,
The Federal Bank Ltd.,2022,Private sector,181701.0,144928.0,220946.0,1889.82,4137.0,1393.0,0.961166924265842,0.94,15.77,79.7618064842791,25.61,14.89,,,,,,,,,
The Federal Bank Ltd.,2023,Private sector,213386.04,174446.88,260341.83,3010.59,4183.77,1205.01,0.690760419446883,1.28,14.81,81.7517772015451,29.55,22.94,,,,,,,,,
The Federal Bank Ltd.,2024,Private sector,252534.02,209403.33,308311.8,3720.6,4528.87,1255.33,0.599479482967152,1.32,16.13,82.9208397347811,32.23,25.96,,,,,,,,,
The Jammu & Kashmir Bank Ltd.,2022,Private sector,114710.0,70401.0,130602.0,501.56,6521.0,1750.0,2.48576014545248,0.42,13.23,61.3730276349054,13.87,3.7,,,,,,,,,
The Jammu & Kashmir Bank Ltd.,2023,Private sector,122038.0,82285.45,145962.26,1197.0,5204.43,1334.24,1.62147743009244,0.89,15.39,67.4260885953555,15.57,9.06,,,,,,,,,
The Jammu & Kashmir Bank Ltd.,2024,Private sector,134774.89,93762.51,154526.59,1767.27,3956.19,736.85,0.785868467045091,1.22,15.33,69.5697173264248,17.81,13.75,,,,,,,,,
The Karnataka Bank Ltd.,2022,Private sector,80386.84,56783.14,91583.99,509.0,2250.82,1376.97,2.42496276183388,0.56,15.66,70.6373580551244,16.1,5.97,,,,,,,,,
The Karnataka Bank Ltd.,2023,Private sector,87368.01,59951.62,99058.34,1180.24,2292.91,1021.27,1.70349024763634,1.21,17.45,68.6196469394233,17.03,13.64,,,,,,,,,
The Karnataka Bank Ltd.,2024,Private sector,98057.83,71508.64,116084.57,1306.28,2578.42,1129.18,1.58,1.22,18.0,72.9249668282482,19.07,14.67,,,,,,,,,
The Karur Vysya Bank Ltd.,2022,Private sector,68486.0,54661.0,80071.34,674.0,3431.0,1261.0,2.30694645176634,0.86,19.21,79.8133925181789,17.16,9.22,,,,,,,,,
The Karur Vysya Bank Ltd.,2023,Private sector,76637.58,63134.14,90179.42,1106.09,1458.15,468.15,0.741516396675396,1.27,18.56,82.3801325668164,18.11,14.25,,,,,,,,,
The Karur Vysya Bank Ltd.,2024,Private sector,89112.72,73667.48,105585.2,1604.81,1041.64,297.97,0.404479697147235,1.63,16.67,82.667749340386,18.0,17.66,,,,,,,,,
The South Indian Bank Ltd.,2022,Private sector,89142.11,59993.39,100052.42,44.98,3648.09,1777.77,2.96327645428938,0.04,15.86,67.3008413195514,16.48,0.5,,,,,,,,,
The South Indian Bank Ltd.,2023,Private sector,91651.35,69804.44,107698.18,775.09,3708.26,1293.61,1.8531915734873,0.73,17.25,76.1630243307927,16.28,8.18,,,,,,,,,
The South Indian Bank Ltd.,2024,Private sector,101920.26,78060.65,117412.79,1070.08,3620.34,1134.58,1.45345958559146,0.93,19.91,76.5899243192668,17.65,11.09,,,,,,,,,
UCO Bank,2022,Public sector bank,224072.9,122784.41,267784.02,4797.44,10237.43,3315.78,2.70048941881139,0.34,13.74,54.7966353807176,16.33,4.0,2586.0,2367.0,218.0,10626.0,3568.0,1393899.0,156.0,0.0,13420914.0
UCO Bank,2023,Public sector bank,249337.74,155870.18,300862.99,4340.67,7726.46,2018.02,1.29467997021624,0.62,16.51,62.5136732209091,18.9,8.56,2586.0,2367.0,218.0,10626.0,3568.0,1393899.0,156.0,0.0,13420914.0
UCO Bank,2024,Public sector bank,263129.77,182021.87,323691.45,4576.24,6463.3,1621.64,0.89090393368665,0.56,16.98,69.1757036841555,20.93,7.69,2586.0,2367.0,218.0,10626.0,3568.0,1393899.0,156.0,0.0,13420914.0
Ujjivan Small Finance Bank Ltd.,2022,Small Finance Bank,18292.0,16303.0,23612.18,-415.0,1284.0,99.6,0.61,-2.04,18.99,89.13,1.81,-2.53,613.0,609.0,4.0,0.0,0.0,554925.0,0.0,0.0,6612958.0
Ujjivan Small Finance Bank Ltd.,2023,Small Finance Bank,25538.0,21290.0,33316.88,1100.0,630.61,9.04,0.04,4.04,25.81,83.37,2.39,6.33,613.0,609.0,4.0,0.0,0.0,554925.0,0.0,0.0,6612958.0
Ujjivan Small Finance Bank Ltd.,2024,Small Finance Bank,31462.0,26883.0,40422.22,1281.0,612.52,76.29,0.28,3.47,24.69,85.44,2.6,6.34,613.0,609.0,4.0,0.0,0.0,554925.0,0.0,0.0,6612958.0
Union Bank of India,2022,Public sector bank,1032392.63,661004.66,1187591.06,21873.21,79587.07,24303.3,3.67672143188824,0.47,14.52,64.0264799255686,23.26,6.96,8857.0,7766.0,1092.0,50128.0,8065.0,291241.0,370680.0,484979.0,56909408.0
Union Bank of India,2023,Public sector bank,1117716.32,761845.46,1280752.45,25467.16,60987.29,12927.44,1.69685857286595,0.69,16.04,68.1608961386553,25.5,11.16,8857.0,7766.0,1092.0,50128.0,8065.0,291241.0,370680.0,484979.0,56909408.0
Union Bank of India,2024,Public sector bank,1221528.37,870776.09,1391957.62,28210.63,43097.73,8989.92,1.03240317496545,1.03,16.97,71.2857852003879,28.02,17.99,8857.0,7766.0,1092.0,50128.0,8065.0,291241.0,370680.0,484979.0,56909408.0
Unity Small Finance Bank Ltd.,2022,Small Finance Bank,3822.0,2419.0,10811.0,-150.0,3773.0,197.0,8.14,-6.28,63.71,63.29,3.53,-0.08,189.0,189.0,0.0,0.0,0.0,0.0,0.0,52815.0,103671.0
Unity Small Finance Bank Ltd.,2023,Small Finance Bank,2685.0,4468.0,8761.33,35.0,3767.36,15.31,0.34,0.43,49.4,166.44,2.43,0.01,189.0,189.0,0.0,0.0,0.0,0.0,0.0,52815.0,103671.0
Unity Small Finance Bank Ltd.,2024,Small Finance Bank,6505.0,7961.0,13774.0,439.0,360.21,50.0,0.63,4.0,36.4,122.38,3.11,0.09,189.0,189.0,0.0,0.0,0.0,0.0,0.0,52815.0,103671.0
Utkarsh Small Finance Bank Ltd.,2022,Small Finance Bank,10074.0,10228.0,15063.77,62.0,648.16,235.8,2.31,0.48,21.59,101.53,1.55,0.54,316.0,310.0,6.0,0.0,779.0,40890.0,0.0,191450.0,1634858.0
Utkarsh Small Finance Bank Ltd.,2023,Small Finance Bank,13710.0,13069.0,19117.54,404.0,431.5,50.51,0.39,2.45,20.64,95.32,1.67,2.87,316.0,310.0,6.0,0.0,779.0,40890.0,0.0,191450.0,1634858.0
Utkarsh Small Finance Bank Ltd.,2024,Small Finance Bank,17473.0,16365.0,23902.677,498.0,417.5782,4.4892,0.03,2.46,22.57,93.66,1.83,3.07,316.0,310.0,6.0,0.0,779.0,40890.0,0.0,191450.0,1634858.0
YES Bank,2022,Private sector,197192.0,181052.0,318220.0,1066.21,27976.0,8205.0,4.53184720411815,0.4,17.4,91.8150837762181,15.58,4.6,1331.0,1193.0,138.0,102064.0,78560.0,541118717.0,146970.0,2642559.0,5324006.0
YES Bank,2023,Private sector,217501.86,203269.44,354786.13,717.4,4394.57,1658.09,0.815710418644337,0.2,17.9,93.4564145796271,15.67,2.8,1331.0,1193.0,138.0,102064.0,78560.0,541118717.0,146970.0,2642559.0,5324006.0
YES Bank,2024,Private sector,266372.17,227799.47,405492.99,1251.08,3982.56,1329.73,0.583728311571577,0.3,15.4,85.519245497756,17.42,4.5,1331.0,1193.0,138.0,102064.0,78560.0,541118717.0,146970.0,2642559.0,5324006.0
